Time,#Frame,ConvergenceValid,Convergence_distance,Left_Eye_Openness,Right_Eye_Openness,Left_Eye_Closed,Right_Eye_Closed,LeftPupilDiameter,RightPupilDiameter,LeftPupilPosInSensorX,LeftPupilPosInSensorY,RightPupilPosInSensorX,RightPupilPosInSensorY,LocalGazeValid,GazeOriginLclSpc_X,GazeOriginLclSpc_Y,GazeOriginLclSpc_Z,GazeDirectionLclSpc_X,GazeDirectionLclSpc_Y,GazeDirectionLclSpc_Z,WorldGazeValid,GazeOriginWrldSpc_X,GazeOriginWrldSpc_Y,GazeOriginWrldSpc_Z,GazeDirectionWrldSpc_X,GazeDirectionWrldSpc_Y,GazeDirectionWrldSpc_Z,NrmLeftEyeOriginX,NrmLeftEyeOriginY,NrmLeftEyeOriginZ,NrmRightEyeOriginX,NrmRightEyeOriginY,NrmRightEyeOriginZ,NrmSRLeftEyeGazeDirX,NrmSRLeftEyeGazeDirY,NrmSRLeftEyeGazeDirZ,NrmSRRightEyeGazeDirX,NrmSRRightEyeGazeDirY,NrmSRRightEyeGazeDirZ,
09-44-47-622, 705, True, 0.6075189, 0.7340052, 0.869298, False, False, 4.191132, 4.059723, 0.4574188, 0.4488106, 0.5228204, 0.604581, True, 0.02434532, 0.007229706, -0.04298006, 0.0125885,-0.09327698, 0.9955444, True, 1253.336, 4.017043, 1123.827, -1.496429,-0.3525256, 1.279179, 33.90395, 7.796326, -42.77011, -31.77298, 3.962189, -45.86293, -0.007034302, -0.1287994,0.9916382, 0.05192566, -0.162323, 0.9853668
09-44-47-737, 714, True, 0.6967329, 0.7052777, 0.8663925, False, False, 4.053894, 4.108673, 0.4564934, 0.4679953, 0.5243271, 0.6300396, True, -0.03146062, 0.003533539, -0.04528084, -0.04740906,-0.2148438, 0.9754944, True, 1253.278, 4.011084, 1123.749, -1.530117,-0.5882156, 1.145742, 33.97282, 7.818741, -43.87225, -31.80144, 3.511215, -45.28818, -0.01774597, -0.169342,0.9853821, 0.04776001, -0.2150726, 0.9754181
09-44-47-842, 724, True, 0.6489264, 1, 1, False, False, 4.143845, 4.113525, 0.4575597, 0.4712888, 0.526129, 0.6307837, True, -0.0316844, 0.003450333, -0.0452856, -0.0428772,-0.2157745, 0.9754944, True, 1253.278, 4.010763, 1123.749, -1.525611,-0.5921949, 1.149679, 33.97037, 7.54184, -43.27525, -31.79878, 3.443222, -45.29849, -0.01979065, -0.1630402,0.9864044, 0.0401001, -0.2071533, 0.977478
09-44-47-951, 734, True, 0.5308019, 1, 1, False, False, 4.20845, 4.146637, 0.457813, 0.4703996, 0.5236633, 0.6347729, True, -0.002010193, 0.005283768, -0.04436132, -0.0151825,-0.1925049, 0.9811707, True, 1253.314, 4.013165, 1123.796, -1.500322,-0.5483418, 1.20345, 33.98196, 7.51593, -43.22849, -31.77715, 3.437683, -45.2982, -0.02297974, -0.1570892,0.9873047, 0.04672241, -0.221405, 0.9740601
09-44-48-059, 743, True, 0.5964163, 1, 1, False, False, 4.124771, 4.0784, 0.4591222, 0.4713801, 0.5235879, 0.6329786, True, -0.00319545, 0.005231446, -0.04448844, -0.01679993,-0.191391, 0.9813538, True, 1253.313, 4.012947, 1123.794, -1.503201,-0.5472899, 1.200305, 33.94905, 7.554199, -43.41801, -31.78362, 3.443756, -45.31227, -0.02346802, -0.1599731,0.9868317, 0.04776001, -0.2152405, 0.9753876
09-44-48-166, 752, True, 0.6073595, 1, 1, False, False, 4.004211, 3.961517, 0.4587567, 0.4723621, 0.5233088, 0.6339662, True, -0.004561661, 0.005111664, -0.04450296, -0.01515198,-0.1927185, 0.9811249, True, 1253.311, 4.012814, 1123.792, -1.50037,-0.5495244, 1.202838, 33.96794, 7.479752, -43.23843, -31.78999, 3.413361, -45.33656, -0.02305603, -0.1598358,0.9868622, 0.04934692, -0.2139587, 0.9755859
09-44-48-277, 761, True, 0.6314335, 1, 1, False, False, 4.073669, 4.030365, 0.4583614, 0.4732274, 0.5245875, 0.6339509, True, -0.007346939, 0.004910645, -0.04452322, -0.02027893,-0.1942291, 0.9807434, True, 1253.308, 4.012681, 1123.788, -1.505797,-0.552325, 1.194775, 33.97197, 7.44194, -43.13757, -31.79965, 3.412399, -45.34203, -0.02217102, -0.1612244,0.9866638, 0.04611206, -0.21315, 0.9759216
09-44-48-382, 770, True, 0.6316421, 1, 1, False, False, 4.172226, 4.036835, 0.4589452, 0.473276, 0.5250199, 0.6342089, True, -0.003603974, 0.005144287, -0.04443434, -0.01475525,-0.1907501, 0.9815216, True, 1253.313, 4.012929, 1123.794, -1.501924,-0.5442356, 1.203322, 33.96152, 7.457077, -43.20486, -31.79619, 3.408585, -45.35704, -0.02412415, -0.1608734,0.9866791, 0.04391479, -0.2128754, 0.9760895
09-44-48-492, 779, True, 0.6781295, 1, 1, False, False, 4.207977, 4.048065, 0.459434, 0.4740072, 0.5258617, 0.6343216, True, 0.001324967, 0.005450089, -0.04434722, -0.007492065,-0.1859283, 0.9825287, True, 1253.319, 4.013565, 1123.801, -1.494347,-0.534152, 1.217193, 33.95013, 7.481888, -43.34552, -31.79738, 3.387329, -45.36418, -0.02531433, -0.1622009,0.9864197, 0.040802, -0.2097168, 0.9768982
09-44-48-602, 784, True, 0.6117701, 1, 1, False, False, 4.224884, 4.102386, 0.4589665, 0.4740072, 0.5253928, 0.6365526, True, 0.002192185, 0.005489075, -0.04427986, -0.00642395,-0.1886292, 0.9820099, True, 1253.321, 4.013512, 1123.802, -1.492816,-0.5392016, 1.216809, 33.95657, 7.453186, -43.24323, -31.77182, 3.388931, -45.38828, -0.02404785, -0.1616669,0.9865417, 0.03900146, -0.2171173, 0.9753571
09-44-48-715, 789, True, 0.6666151, 1, 1, False, False, 4.198746, 4.025406, 0.4723573, 0.4650327, 0.5442612, 0.6296785, True, -0.008254837, 0.004901169, -0.0447349, -0.01535034,-0.2022858, 0.9792023, True, 1253.308, 4.012969, 1123.785, -1.497575,-0.5656579, 1.198861, 33.68301, 7.650085, -43.48901, -31.93816, 3.478149, -45.34656, -0.03823853, -0.1457825,0.9885712, -0.01083374, -0.2050476, 0.9786835
09-44-48-826, 794, True, 0.5505795, 1, 1, False, False, 4.012283, 4.037094, 0.4765967, 0.4620495, 0.547169, 0.6253456, True, -0.0007857819, 0.005556458, -0.04460053, 0.02679443,-0.172821, 0.9845734, True, 1253.317, 4.01373, 1123.797, -1.454269,-0.5119348, 1.273932, 33.60326, 7.770111, -43.74646, -32.00313, 3.548889, -45.35953, -0.04293823, -0.1427612,0.9888153, -0.01210022, -0.1984711, 0.9800262
09-44-48-936, 799, True, 0.8291903, 1, 1, False, False, 3.770554, 3.708191, 0.4769753, 0.4629191, 0.5462418, 0.6220207, True, -0.007583939, 0.005123383, -0.04475891, 0.01678467,-0.1729736, 0.9847717, True, 1253.309, 4.013167, 1123.787, -1.462849,-0.5124589, 1.263869, 33.57033, 7.800171, -43.86082, -32.04494, 3.530457, -45.2789, -0.03778076, -0.1472626,0.9883728, -0.003677368, -0.1881714, 0.9821167
09-44-49-036, 805, True, 0.8815063, 1, 1, False, False, 3.449783, 3.550629, 0.4692741, 0.4641783, 0.5372866, 0.6210831, True, -0.0002870789, 0.005586029, -0.04462701, 0.005859375,-0.168335, 0.9857025, True, 1253.319, 4.013817, 1123.799, -1.46484,-0.5025738, 1.265537, 33.71591, 7.725067, -43.70178, -31.91518, 3.59639, -45.48761, -0.02505493, -0.147934,0.9886627, 0.01197815, -0.1871796, 0.9822388
09-44-49-145, 814, True, 0.65194, 1, 1, False, False, 3.393661, 3.350082, 0.4808252, 0.4581296, 0.5478906, 0.6177908, True, -0.02192572, 0.004245636, -0.045023, 0.01608276,-0.1762543, 0.9842072, True, 1253.32, 4.011755, 1124.035, -1.445372,-0.5205441, 1.28058, 33.55919, 7.679749, -43.2682, -32.05118, 3.618958, -45.34323, -0.04664612, -0.1329346,0.9900208, -0.01049805, -0.1841125, 0.9828339
09-44-49-256, 823, True, 0.7387008, 1, 1, False, False, 3.37468, 3.155746, 0.4949084, 0.4489976, 0.5568445, 0.6087116, True, -0.005776535, 0.005379105, -0.04448056, 0.03900146,-0.1476746, 0.988266, True, 1253.608, 4.013473, 1124.88, -1.441689,-0.4655081, 1.305691, 33.31577, 7.872299, -43.41043, -32.23233, 3.691833, -45.20477, -0.06797791, -0.1195984,0.9904785, -0.01934814, -0.1665344, 0.9858398
09-44-49-365, 832, True, 0.9103124, 1, 1, False, False, 3.314041, 3.275558, 0.4848543, 0.4532189, 0.5506453, 0.6121729, True, -0.007100678, 0.005243866, -0.04448354, 0.03074646,-0.1515045, 0.9879761, True, 1253.997, 4.013373, 1125.697, -1.55776,-0.4705059, 1.162752, 33.50224, 7.831802, -43.37418, -32.11919, 3.606934, -45.08922, -0.05433655, -0.1321716,0.9897308, -0.01235962, -0.1716461, 0.9850769
09-44-49-480, 838, True, 0.7695088, 1, 1, False, False, 3.390381, 3.33165, 0.4751817, 0.4544464, 0.5438264, 0.6134632, True, 0.008457504, 0.006204712, -0.04407094, 0.02284241,-0.1494293, 0.9884949, True, 1254.324, 4.014656, 1126.494, -1.61741,-0.4677858, 1.079376, 33.638, 7.770493, -43.24586, -31.99513, 3.689255, -45.39642, -0.03527832, -0.1325378,0.9905396, -0.002838135, -0.1764069, 0.9842987
09-44-49-592, 843, True, 0.6837607, 1, 1, False, False, 3.348053, 3.351166, 0.4749329, 0.4548824, 0.5428192, 0.6142069, True, -0.004997971, 0.005380707, -0.04460327, 0.01568604,-0.1594086, 0.9870758, True, 1254.311, 4.013612, 1126.47, -1.624362,-0.4855065, 1.06096, 33.64005, 7.781311, -43.38246, -31.96999, 3.70491, -45.45549, -0.03471375, -0.131012,0.9907684, -0.00239563, -0.1791229, 0.9838104
09-44-49-702, 848, True, 0.7953418, 1, 1, False, False, 3.406525, 3.458405, 0.474636, 0.4563852, 0.5416703, 0.6165201, True, -0.002486221, 0.005512512, -0.04453459, 0.01269531,-0.1607971, 0.9868927, True, 1254.313, 4.013199, 1126.476, -1.699434,-0.4890091, 0.9341783, 33.64648, 7.791702, -43.42949, -31.99016, 3.651459, -45.43697, -0.03515625, -0.1367035,0.989975, 0.005661011, -0.1803284, 0.9835815
09-44-49-813, 853, True, 0.8355389, 1, 1, False, False, 3.571487, 3.557755, 0.4749026, 0.4574736, 0.5426696, 0.6171644, True, 0.01649167, 0.006710144, -0.04396146, 0.0262146,-0.1515656, 0.9880981, True, 1254.317, 4.0146, 1126.158, -1.757325,-0.4737751, 0.8290579, 33.64412, 7.816101, -43.52614, -32.02345, 3.582016, -45.19273, -0.03767395, -0.1407166,0.9893188, 0.006210327, -0.1820221, 0.9832611
09-44-49-925, 861, True, 0.3766038, 1, 1, False, False, 3.989792, 3.632187, 0.319548, 0.4437616, 0.3944318, 0.6057329, True, 0.01227765, 0.006562714, -0.04435764, -0.2198334,-0.138504, 0.9656372, True, 1254.303, 4.015223, 1125.175, -1.926536,-0.4316583, 0.3193622, 36.0965, 8.066757, -43.69882, -29.68423, 3.91304, -45.51826, 0.2119751, -0.1160583,0.9703522, 0.2333527, -0.1778564, 0.9559784
09-44-50-034, 870, True, 0.5872958, 1, 1, False, False, 3.911728, 3.59758, 0.3690821, 0.4509109, 0.4370571, 0.6123008, True, -0.011433, 0.005013794, -0.04490656, -0.1255188,-0.1788788, 0.9758148, True, 1254.372, 4.016686, 1124.253, -1.925696,-0.4653659, 0.2738582, 35.67886, 7.942322, -43.42091, -30.19061, 3.847809, -45.49806, 0.08131409, -0.1377563,0.9871063, 0.1430054, -0.1950531, 0.9703064
09-44-50-137, 878, True, 0.547029, 1, 1, False, False, 3.940018, 3.568848, 0.3945899, 0.4465663, 0.4693262, 0.6231872, True, -0.0310892, 0.003735916, -0.045558, -0.01927185,-0.2194824, 0.9754181, True, 1254.61, 4.017656, 1123.413, -1.940316,-0.4744403, 0.1000972, 35.31, 7.680496, -41.42737, -30.5993, 3.759506, -45.59676, 0.04708862, -0.1534271,0.98703, 0.07781982, -0.218277, 0.9727631
09-44-50-250, 887, True, 0.1839844, 1, 1, False, False, 4.268127, 3.710754, 0.2602015, 0.4240601, 0.3475741, 0.6110145, True, -0.0124023, 0.005115662, -0.0451346, -0.3000031,-0.1776428, 0.9372406, True, 1255.077, 4.021635, 1122.656, -1.746657,-0.3253226, -0.9182974, 37.05693, 8.484772, -43.25487, -28.95471, 3.988129, -45.76369, 0.2913361, -0.1207581,0.9489594, 0.3026733, -0.1965332, 0.9326019
09-44-50-369, 893, True, 0.7183341, 1, 1, False, False, 4.001953, 3.52356, 0.4129427, 0.4394904, 0.4761199, 0.6275715, True, -0.03054289, 0.003729157, -0.04564069, -0.04170227,-0.2282104, 0.972702, True, 1255.793, 4.012572, 1122.057, -1.69521,-0.3220938, -1.011134, 35.12068, 8.305557, -42.47362, -30.54289, 3.729156, -45.64069, -0.007736206, -0.1801758,0.9835968, 0.04170227, -0.2282104, 0.972702
09-44-50-481, 898, True, 0.1796261, 1, 1, False, False, 4.291718, 3.76297, 0.3384696, 0.405877, 0.4135782, 0.6122901, True, -0.03009544, 0.004020172, -0.04563745, -0.2217865,-0.2127686, 0.9515839, True, 1256.662, 4.006044, 1121.799, -0.9198855,-0.2740409, -1.754593, 35.69705, 8.784332, -42.16331, -30.09544, 4.020172, -45.63745, 0.2075806, -0.1274719,0.9698639, 0.2217865, -0.2127686, 0.9515839
09-44-50-592, 903, True, 0.6339176, 1, 1, False, False, 4.09877, 3.471375, 0.4840539, 0.4240083, 0.5489371, 0.6170605, True, -0.03239816, 0.003939881, -0.04574596, -0.04208374,-0.2123871, 0.9762726, True, 1256.674, 4.002599, 1121.779, -0.8262115,-0.2242653, -1.807493, 33.18593, 8.311401, -41.31595, -32.39828, 3.939865, -45.74597, -0.00151062, -0.1582184,0.9873962, 0.04208374, -0.2123871, 0.9762726
09-44-50-702, 908, True, 0.1, 1, 1, False, False, 4.513245, 3.697067, 0.399038, 0.3451073, 0.4682864, 0.539081, True, -0.03085582, 0.005217362, -0.04629776, -0.1284027,-0.08561707, 0.9880066, True, 1256.667, 4.004693, 1121.776, -0.4416896,0.01899905, -1.950499, 34.72357, 8.780502, -38.61301, -30.85582, 5.217361, -46.29776, 0.1289063, 0.0003204346,0.9916534, 0.1284027, -0.08561707, 0.9880066
09-44-50-807, 915, True, 0.1, 1, 1, False, False, 4.264008, 3.620453, 0.3873719, 0.3609627, 0.4628061, 0.5528967, True, -0.03068375, 0.004793671, -0.04576801, -0.1267853,-0.09739685, 0.9871216, True, 1256.661, 4.004842, 1121.777, -0.2843916,0.01280197, -1.979605, 35.09322, 8.685257, -39.58089, -30.73096, 4.887253, -45.99393, 0.1172943, -0.01893616,0.9929047, 0.1290436, -0.1020203, 0.9863739
09-44-50-911, 923, True, 0.2469386, 1, 1, False, False, 4.01413, 3.373474, 0.4535793, 0.3636096, 0.5355786, 0.5560955, True, 0.02236922, 0.007982849, -0.04036493, -0.1353302,-0.02786255, 0.9904022, True, 1256.556, 4.017935, 1121.797, -0.2623177,0.1404994, -1.977725, 33.58966, 8.55484, -38.99319, -32.19839, 4.914154, -45.9227, 0.07510376, -0.02684021,0.9968109, 0.06558228, -0.119812, 0.9906158
09-44-51-012, 931, False, 0.2238387, 0, 0.04036723, True, True, -1, -1, -1, -1, -1, -1, False, 0, 0, 0, 0,0, 1, False, 0, 0, 0, 0,0, 1, 31.05699, 7.544098, -40.60269, -34.85843, 3.304733, -47.30185, 0, 0,0, 0, 0, 0
09-44-51-125, 939, False, 0.2238387, 0, 0.3920139, True, False, -1, -1, 0.7440211, 0.427716, 0.876609, 0.6906712, False, 0, 0, 0, 0,0, 1, False, 0, 0, 0, 0,0, 1, 29.34718, 7.453659, -41.13521, -35.43253, 3.856277, -47.58569, 0, 0,0, 0, 0, 0
09-44-51-235, 944, False, 0.2238387, 0.7039441, 1, False, False, -1, 3.300629, 0.4995253, 0.4085414, 0.5660858, 0.5793175, True, -0.03306403, 0.004533676, -0.04565868, -0.07676697,-0.1614227, 0.9838867, True, 1255.208, 4.020796, 1123.584, -1.961509,-0.18201, -0.3453792, 32.39449, 8.498993, -41.39996, -33.06403, 4.533676, -45.65868, 0, 0,0, 0.07676697, -0.1614227, 0.9838867
09-44-51-347, 949, True, 0.2823927, 1, 1, False, False, 3.893875, 3.768097, 0.6332029, 0.4238243, 0.7118298, 0.6135349, True, -0.03467065, 0.004220231, -0.04632335, 0.2288818,-0.1954346, 0.9536285, True, 1255.685, 4.023469, 1124.369, -1.437363,-0.156993, 1.381773, 30.77475, 7.843735, -40.55978, -34.67618, 4.219925, -46.32384, -0.2567291, -0.1128387,0.9598694, -0.2288666, -0.1954346, 0.9536285
09-44-51-459, 954, True, 0.7609752, 1, 1, False, False, 3.894104, 3.633148, 0.4273791, 0.4364144, 0.4926072, 0.5939503, True, -0.03189276, 0.00453212, -0.04618647, -0.03619385,-0.1927185, 0.9805756, True, 1256.558, 4.018919, 1124.653, -0.9428422,-0.1562952, 1.756854, 34.25064, 7.736252, -40.96793, -31.32988, 4.457352, -46.00545, 0.07693481, -0.1353912,0.987793, 0.1017914, -0.193573, 0.9757843
09-44-51-568, 959, True, 0.7584471, 1, 1, False, False, 4.07048, 3.741669, 0.4484394, 0.434416, 0.5087135, 0.5851355, True, 0.03375789, 0.008144364, -0.04235985, 0.0247345,-0.1440735, 0.9892426, True, 1257.59, 4.02412, 1124.523, -0.02738976,-0.0736092, 1.998426, 34.27928, 8.174057, -42.33699, -31.2507, 4.442535, -45.20947, -0.02511597, -0.1437225,0.9892883, 0.02349854, -0.1887512, 0.9817352
09-44-51-676, 968, True, 0.3682205, 1, 1, False, False, 4.190292, 3.815979, 0.3790134, 0.4241041, 0.4507583, 0.5858713, True, -0.006205277, 0.005888687, -0.04420191, -0.1270447,-0.1673889, 0.9776611, True, 1258.24, 4.007962, 1124.283, 0.02418644,-0.1668537, 1.992861, 35.27005, 8.21875, -41.84587, -30.4718, 4.525421, -45.58037, 0.1127472, -0.1268158,0.9854889, 0.1352997, -0.190979, 0.9722137
09-44-51-781, 977, True, 0.2843291, 1, 1, False, False, 4.291199, 3.86348, 0.4274679, 0.4085047, 0.5013866, 0.5690093, True, -0.02310968, 0.005297989, -0.04516199, -0.1063232,-0.1572571, 0.9818115, True, 1258.196, 3.998028, 1124.291, 0.01446129,-0.2100557, 1.988874, 34.15369, 8.178558, -40.68874, -31.58705, 4.871552, -45.82422, 0.0897522, -0.09611511,0.9913025, 0.1087494, -0.1662598, 0.9800568
09-44-51-891, 986, True, 0.2678942, 1, 1, False, False, 4.39006, 3.948257, 0.3968108, 0.4281768, 0.460486, 0.5939666, True, -0.01293697, 0.005548569, -0.04427887, -0.1409454,-0.194397, 0.9707336, True, 1257.871, 3.997437, 1124.168, -0.244472,-0.3325119, 1.956933, 34.61267, 8.153931, -41.27208, -30.91141, 4.452286, -45.54372, 0.1436157, -0.1517334,0.9779205, 0.1651611, -0.2107086, 0.9634857
09-44-52-002, 994, True, 0.7769085, 1, 1, False, False, 4.185928, 3.868668, 0.4805205, 0.4436894, 0.5455576, 0.5915388, True, -0.03165289, 0.004571793, -0.04543528, 0.05993652,-0.2193909, 0.9737854, True, 1257.148, 3.996275, 1123.724, -0.402447,-0.3724761, 1.923338, 33.80339, 8.239197, -42.6886, -31.65289, 4.571793, -45.43527, -0.08853149, -0.1773071,0.9801636, -0.05993652, -0.2193909, 0.9737854
09-44-52-113, 999, False, 0.1, 0, 0, True, True, -1, -1, 0.4305939, 0.4912571, -1, -1, False, 0, 0, 0, 0,0, 1, False, 0, 0, 0, 0,0, 1, 34.52548, 8.106216, -42.12202, -30.87323, 4.380615, -45.61545, 0, 0,0, 0, 0, 0
09-44-52-225, 1004, False, 0.1, 0, 0.4942886, True, False, -1, -1, 0.3436801, 0.3978049, 0.4171056, 0.5614842, False, 0, 0, 0, 0,0, 1, False, 0, 0, 0, 0,0, 1, 35.01118, 9.227356, -41.78957, -30.49879, 5.07666, -45.44371, 0, 0,0, 0, 0, 0
09-44-52-334, 1009, True, 0.6106941, 1, 1, False, False, 4.218994, 3.942215, 0.4924383, 0.390391, 0.5538519, 0.5977583, True, -0.03264584, 0.004398728, -0.0456169, -0.06355286,-0.210968, 0.9754181, True, 1258.116, 4.013529, 1121.637, -1.393292,0.002483354, -1.434809, 32.81676, 8.961212, -40.26299, -32.64584, 4.398727, -45.6169, 0.0223999, -0.1553955,0.9875946, 0.06355286, -0.210968, 0.9754181
09-44-52-447, 1014, True, 0.1, 1, 1, False, False, 4.468491, 4.073639, 0.436815, 0.3491558, 0.4977959, 0.5531152, True, -0.03206455, 0.00525975, -0.04664899, -0.2019653,-0.1277313, 0.9710236, True, 1258.507, 4.012166, 1121.64, -0.1055694,0.2621785, -1.979921, 33.2171, 9.013565, -37.92305, -32.06456, 5.25975, -46.64899, 0.2070618, -0.07002258,0.9758148, 0.2019653, -0.1277313, 0.9710236
09-44-52-559, 1022, True, 0.2662651, 1, 1, False, False, 4.384277, 4.396606, 0.562618, 0.4017442, 0.6400818, 0.6049893, True, -0.03334767, 0.004261078, -0.04576543, 0.01715088,-0.1910553, 0.9814148, True, 1258.523, 4.014649, 1121.648, 0.1590588,0.2865383, -1.972937, 31.17688, 8.479767, -39.9454, -34.28493, 4.199799, -45.84998, -0.02378845, -0.141449,0.9896545, -0.01705933, -0.1917725, 0.9812775
09-44-52-668, 1031, True, 0.4048629, 1, 1, False, False, 4.456024, 4.29892, 0.5571733, 0.4079193, 0.6344831, 0.6209648, True, -0.03302007, 0.004037399, -0.04575011, 0.03170776,-0.2168427, 0.9756775, True, 1259.309, 4.017263, 1122.015, 0.3361131,0.2838748, -1.950983, 31.53577, 8.381149, -39.92059, -34.05521, 3.967743, -45.84358, -0.05712891, -0.1525574,0.9866333, -0.03129578, -0.217865, 0.9754639
09-44-52-768, 1039, True, 0.7704371, 1, 1, False, False, 4.28447, 4.116592, 0.5115782, 0.4005752, 0.5808588, 0.5972736, True, 0.03243779, 0.008606888, -0.04000588, 0.02705383,-0.1512299, 0.9881134, True, 1259.477, 4.035886, 1122.13, 0.2511162,0.4021789, -1.942955, 32.53471, 8.630005, -40.11351, -33.17056, 4.147568, -44.5797, -0.01582336, -0.1525421,0.9881592, 0.03294373, -0.2116699, 0.9767761
09-44-52-869, 1044, True, 0.4442264, 1, 1, False, False, 4.114197, 4.037643, 0.5846999, 0.4101043, 0.6577672, 0.6083717, True, 0.02966236, 0.008296586, -0.04018732, 0.1599426,-0.1633759, 0.9734955, True, 1259.433, 4.035254, 1121.791, -0.2077283,0.3814041, -1.952242, 31.4612, 8.412033, -40.04614, -34.07449, 4.205978, -45.18967, -0.1608734, -0.1615143,0.9736633, -0.1260986, -0.2292175, 0.9651642
09-44-52-982, 1049, True, 0.6011305, 1, 1, False, False, 4.179581, 3.919235, 0.5277036, 0.4106042, 0.5998644, 0.6011908, True, -0.03084476, 0.004395111, -0.04482979, 0.02365112,-0.2196655, 0.9752808, True, 1259.456, 4.021911, 1120.925, -0.1763949,0.2697951, -1.973837, 32.37816, 8.631241, -40.91759, -33.29443, 4.230988, -44.98138, -0.06163025, -0.165741,0.9842377, -0.02217102, -0.2217407, 0.9748383
09-44-53-090, 1054, True, 0.5860686, 1, 1, False, False, 4.238083, 3.862686, 0.4842438, 0.4147888, 0.5560287, 0.5998465, True, -0.03132115, 0.004374115, -0.04484322, -0.03652954,-0.2305603, 0.9723663, True, 1259.344, 4.024137, 1120.055, -0.2477825,0.2499123, -1.968782, 33.15364, 8.465149, -40.35545, -32.55698, 4.2957, -44.92923, 0.004852295, -0.1776276,0.9840698, 0.03713989, -0.2315674, 0.9721069
09-44-53-201, 1059, True, 0.678457, 1, 1, False, False, 4.195724, 3.762344, 0.4755975, 0.415961, 0.544672, 0.600552, True, -0.002180191, 0.00618602, -0.04283183, -0.05737305,-0.2052765, 0.977005, True, 1259.29, 4.032268, 1120.071, -0.4248782,0.2948252, -1.93195, 33.23087, 8.439041, -40.37004, -32.54694, 4.253952, -44.94296, 0.03024292, -0.1778717,0.9835815, 0.08055115, -0.2285309, 0.9701843
09-44-53-309, 1065, True, 0.8572001, 1, 1, False, False, 3.877289, 3.943878, 0.5138814, 0.4610206, 0.5871522, 0.644986, True, -0.002827652, 0.005643631, -0.04300223, 0.01274109,-0.2887573, 0.9573059, True, 1259.296, 4.030797, 1120.073, -0.8019033,0.1041365, -1.829213, 32.57413, 7.796219, -40.55589, -33.08136, 3.739716, -45.11122, -0.02935791, -0.2598724,0.9651947, -0.003128052, -0.3078613, 0.951416
09-44-53-410, 1073, True, 0.372927, 0.585088, 1, False, False, 4.02803, 3.709457, 0.501058, 0.4571179, 0.5777454, 0.640646, True, 0.001505493, 0.005874008, -0.04271628, -0.01272583,-0.26828, 0.9632416, True, 1259.287, 4.030559, 1120.077, -0.8698335,0.07290626, -1.799432, 32.72325, 7.755539, -40.57742, -33.03592, 3.79213, -45.08284, 0.00112915, -0.2370453,0.9714966, 0.02555847, -0.3024597, 0.9528046
09-44-53-522, 1082, False, 1.219306, 0, 0, True, True, -1, -1, 0.5033063, 0.5066439, 0.5210231, 0.699662, False, 0, 0, 0, 0,0, 1, False, 0, 0, 0, 0,0, 1, 32.71298, 7.526505, -40.63844, -33.02327, 4.108063, -45.00696, 0, 0,0, 0, 0, 0
09-44-53-634, 1090, True, 0.5515815, 0.2039689, 0.7820424, True, False, 3.682861, 3.768692, 0.5323353, 0.4972542, 0.6128968, 0.6645434, True, 0.0218629, 0.006441223, -0.04152494, 0.08509827,-0.3075714, 0.9477081, True, 1259.239, 4.013886, 1120.087, -1.287346,-0.3904138, -1.479961, 32.38724, 7.128555, -40.79106, -33.45671, 3.485153, -45.20657, -0.07749939, -0.2989044,0.9511261, -0.04541016, -0.3355713, 0.9409027
09-44-53-746, 1095, True, 1.093213, 0.5874808, 1, False, False, 3.990707, 3.90181, 0.4873684, 0.4599337, 0.5644278, 0.6264346, True, 0.00742479, 0.006044968, -0.04241077, -0.006484985,-0.2327881, 0.9724884, True, 1259.261, 4.002432, 1120.068, -1.289616,-0.4285541, -1.467343, 33.11873, 7.521362, -40.71455, -32.84323, 3.806931, -45.07384, -0.001907349, -0.2088776,0.9779358, 0.04901123, -0.2528992, 0.9662323
09-44-53-857, 1100, True, 0.5336428, 0.7306361, 1, False, False, 4.116959, 4.138428, 0.550712, 0.4818877, 0.632962, 0.6567606, True, 0.009834061, 0.005958725, -0.04231906, 0.10495,-0.2638702, 0.9588165, True, 1259.256, 3.997913, 1120.07, -1.526979,-0.5752793, -1.156405, 32.07649, 7.16774, -40.84306, -33.77536, 3.453323, -45.24158, -0.1112976, -0.2404633,0.9642487, -0.07273865, -0.298172, 0.9517212
09-44-53-968, 1105, True, 0.4547327, 0.7090181, 1, False, False, 4.065491, 3.877945, 0.5256779, 0.488111, 0.6118897, 0.6652246, True, -0.0001081696, 0.005058594, -0.04307701, 0.04269409,-0.256134, 0.965683, True, 1259.258, 3.991584, 1120.052, -1.518784,-0.612837, -1.147871, 32.45111, 6.891632, -40.92879, -33.57655, 3.174377, -45.28522, -0.06248474, -0.2222595,0.9729767, -0.02227783, -0.2905426, 0.9565887
09-44-54-078, 1110, True, 0.790546, 0.7022206, 1, False, False, 3.903824, 3.7397, 0.5116075, 0.4687032, 0.597486, 0.6348414, True, 0.004284745, 0.005715531, -0.0427756, 0.01754761,-0.2336578, 0.9721527, True, 1259.23, 3.988396, 1120.052, -1.540627,-0.6266071, -1.110752, 32.61105, 7.368942, -41.0531, -33.43539, 3.652344, -45.11612, -0.02659607, -0.2098541,0.977356, 0.009658813, -0.2581177, 0.9660492
09-44-54-181, 1118, True, 0.6142941, 0.6672648, 1, False, False, 3.850616, 3.851563, 0.5263039, 0.4766034, 0.6114831, 0.6470309, True, -0.03268373, 0.003729157, -0.04505907, -0.04389954,-0.2438202, 0.968811, True, 1259.248, 3.974569, 1119.99, -1.496258,-0.6994814, -1.127749, 32.43439, 7.313568, -41.19022, -33.48334, 3.498322, -45.15672, -0.06149292, -0.2286987,0.9715424, -0.0368042, -0.2765656, 0.9602814
09-44-54-283, 1126, True, 0.6201183, 1, 1, False, False, 4.022598, 3.951218, 0.5372552, 0.4824972, 0.6219795, 0.6514367, True, -0.000451004, 0.005317139, -0.04319287, 0.06529236,-0.2550964, 0.9646912, True, 1259.173, 3.977242, 1120.035, -1.640201,-0.7487792, -0.8654107, 32.27122, 7.164276, -41.23166, -33.68173, 3.441284, -45.18457, -0.08409119, -0.2284546,0.9699097, -0.04614258, -0.2818756, 0.9583282
09-44-54-391, 1134, True, 1.160556, 0, 0.5267748, True, False, 3.504608, 3.884598, 0.5129298, 0.4835036, 0.6056681, 0.6441792, True, -0.001944977, 0.005446717, -0.04324942, 0.01208496,-0.2808533, 0.959671, True, 1259.14, 3.973132, 1120.028, -1.593038,-0.8407254, -0.8691268, 32.54457, 7.395981, -41.22723, -33.53716, 3.661209, -45.10173, -0.01924133, -0.2675476,0.9633484, -0.005523682, -0.2929688, 0.9561005
09-44-54-513, 1140, False, 1.160556, 0, 0.3097242, True, True, -1, -1, 0.517331, 0.4867965, 0.5978832, 0.6454251, False, 0, 0, 0, 0,0, 1, False, 0, 0, 0, 0,0, 1, 32.63414, 7.595779, -41.14273, -33.46758, 3.827942, -45.05307, 0, 0,0, 0, 0, 0
09-44-54-624, 1145, True, 0.7621554, 0.6385949, 1, False, False, 3.902023, 4.053055, 0.511844, 0.4687594, 0.6046836, 0.6306435, True, -0.03341078, 0.003702561, -0.04507747, 0.02238464,-0.2473145, 0.9686737, True, 1259.121, 3.953546, 1119.959, -1.630358,-0.8727612, -0.761707, 32.73166, 7.459503, -41.62198, -33.39983, 3.659256, -45.0885, -0.0478363, -0.2025299,0.9781036, -0.02314758, -0.2425079, 0.9698639
09-44-54-734, 1150, True, 1.134821, 0.6646911, 1, False, False, 3.81073, 4.149384, 0.5217896, 0.4701495, 0.6193719, 0.6258498, True, -0.00758519, 0.005185669, -0.04375914, 0.0426178,-0.2200317, 0.9745483, True, 1259.091, 3.956898, 1119.994, -1.661713,-0.8287508, -0.742819, 32.5137, 7.44487, -41.73323, -33.69867, 3.714401, -45.07848, -0.05557251, -0.2021027,0.9777832, -0.03416443, -0.2316437, 0.9721832
09-44-54-850, 1155, False, 0.6500321, 0, 0.4885185, True, False, -1, 2.990143, 0.4900375, 0.5359303, 0.5689491, 0.6806243, True, -0.03289653, 0.003236969, -0.04518538, -0.0358429,-0.364212, 0.9306183, True, 1259.122, 3.951671, 1119.951, -1.496499,-1.066774, -0.7889392, 33.29565, 6.427826, -41.99373, -32.89653, 3.236969, -45.18538, 0, 0,0, 0.0358429, -0.364212, 0.9306183
09-44-54-950, 1161, False, 0.6500321, 0, 0, True, True, -1, -1, -1, -1, -1, -1, False, 0, 0, 0, 0,0, 1, False, 0, 0, 0, 0,0, 1, 32.93027, 5.834076, -42.26926, -32.77536, 2.855011, -45.35744, 0, 0,0, 0, 0, 0
09-44-55-059, 1170, False, 0.6500321, 0, 0, True, True, -1, -1, -1, -1, -1, -1, False, 0, 0, 0, 0,0, 1, False, 0, 0, 0, 0,0, 1, 32.93027, 5.834076, -42.26926, -32.77536, 2.855011, -45.35744, 0, 0,0, 0, 0, 0
09-44-55-169, 1179, False, 0.6500321, 1, 1, False, False, -1, -1, -1, -1, -1, -1, False, 0, 0, 0, 0,0, 1, False, 0, 0, 0, 0,0, 1, 32.93027, 5.834076, -42.26926, -32.77536, 2.855011, -45.35744, 0, 0,0, 0, 0, 0
09-44-55-291, 1187, False, 0.6500321, 1, 1, False, False, -1, -1, -1, -1, -1, -1, False, 0, 0, 0, 0,0, 1, False, 0, 0, 0, 0,0, 1, 32.93027, 5.834076, -42.26926, -32.77536, 2.855011, -45.35744, 0, 0,0, 0, 0, 0
09-44-55-400, 1192, False, 0.6500321, 1, 1, False, False, -1, -1, -1, -1, -1, -1, False, 0, 0, 0, 0,0, 1, False, 0, 0, 0, 0,0, 1, 32.93027, 5.834076, -42.26926, -32.77536, 2.855011, -45.35744, 0, 0,0, 0, 0, 0
09-44-55-512, 1197, False, 0.6500321, 1, 1, False, False, -1, -1, 0.5838368, 0.4948235, 0.595475, 0.5057828, False, 0, 0, 0, 0,0, 1, False, 0, 0, 0, 0,0, 1, 32.93027, 5.834076, -42.26926, -32.77536, 2.855011, -45.35744, 0, 0,0, 0, 0, 0
09-44-55-625, 1202, False, 0.6500321, 1, 1, False, False, -1, -1, -1, -1, -1, -1, False, 0, 0, 0, 0,0, 1, False, 0, 0, 0, 0,0, 1, 32.38023, 7.137924, -41.74782, -32.77536, 2.855011, -45.35744, 0, 0,0, 0, 0, 0
09-44-55-726, 1207, False, 0.6500321, 0, 0, True, True, -1, -1, -1, -1, 0.1650877, 0.7853996, False, 0, 0, 0, 0,0, 1, False, 0, 0, 0, 0,0, 1, 32.38023, 7.137924, -41.74782, -32.77536, 2.855011, -45.35744, 0, 0,0, 0, 0, 0
09-44-55-833, 1214, False, 0.6500321, 0, 0, True, True, -1, -1, -1, -1, -1, -1, False, 0, 0, 0, 0,0, 1, False, 0, 0, 0, 0,0, 1, 32.38023, 7.137924, -41.74782, -28.81918, 4.172058, -47.00443, 0, 0,0, 0, 0, 0
09-44-55-939, 1221, False, 0.6500321, 0, 0, True, True, -1, -1, -1, -1, 0.2771262, 0.1681693, False, 0, 0, 0, 0,0, 1, False, 0, 0, 0, 0,0, 1, 32.38023, 7.137924, -41.74782, -31.00377, 5.59819, -45.89394, 0, 0,0, 0, 0, 0
09-44-56-040, 1228, False, 0.6500321, 0.6603605, 0.6714529, False, False, -1, 3.567062, -1, -1, 0.309975, 0.5142993, False, 0, 0, 0, 0,0, 1, False, 0, 0, 0, 0,0, 1, 32.38023, 7.137924, -41.74782, -29.95255, 5.271179, -45.87, 0, 0,0, 0.6024323, 0.01502991, 0.7980194
09-44-56-148, 1234, False, 0.6500321, 0.6966512, 0.6400558, False, False, -1, -1, 0.8579252, 0.1854813, 0.279174, 0.2995738, False, 0, 0, 0, 0,0, 1, False, 0, 0, 0, 0,0, 1, 32.38023, 7.137924, -41.74782, -29.95255, 5.271179, -45.87, 0, 0,0, 0, 0, 0
09-44-56-259, 1240, False, 0.6500321, 0.7028383, 0.6617879, False, False, -1, -1, 0.9164767, 0.6060299, -1, -1, False, 0, 0, 0, 0,0, 1, False, 0, 0, 0, 0,0, 1, 32.38023, 7.137924, -41.74782, -29.95255, 5.271179, -45.87, 0, 0,0, 0, 0, 0
09-44-56-367, 1245, False, 0.6500321, 0.7233415, 0.6674184, False, False, -1, -1, -1, -1, -1, -1, False, 0, 0, 0, 0,0, 1, False, 0, 0, 0, 0,0, 1, 32.38023, 7.137924, -41.74782, -29.95255, 5.271179, -45.87, 0, 0,0, 0, 0, 0
09-44-56-479, 1250, False, 0.6500321, 0.4125608, 0.3554409, False, False, -1, -1, -1, -1, -1, -1, False, 0, 0, 0, 0,0, 1, False, 0, 0, 0, 0,0, 1, 32.38023, 7.137924, -41.74782, -29.95255, 5.271179, -45.87, 0, 0,0, 0, 0, 0
09-44-56-592, 1255, False, 0.6500321, 0.4035893, 0.3736588, False, False, -1, -1, -1, -1, 0.2335298, 0.3182766, False, 0, 0, 0, 0,0, 1, False, 0, 0, 0, 0,0, 1, 32.38023, 7.137924, -41.74782, -29.95255, 5.271179, -45.87, 0, 0,0, 0, 0, 0
09-44-56-693, 1263, False, 0.6500321, 0.4039485, 0.3632437, False, False, -1, -1, 0.08534732, 0.7105258, -1, -1, False, 0, 0, 0, 0,0, 1, False, 0, 0, 0, 0,0, 1, 32.38023, 7.137924, -41.74782, -29.95255, 5.271179, -45.87, 0, 0,0, 0, 0, 0
09-44-56-793, 1271, False, 0.6500321, 0.2469848, 0.3792922, False, False, -1, -1, -1, -1, -1, -1, False, 0, 0, 0, 0,0, 1, False, 0, 0, 0, 0,0, 1, 32.38023, 7.137924, -41.74782, -29.95255, 5.271179, -45.87, 0, 0,0, 0, 0, 0
